{"cameraMode":{"drawMode":0,"name":"Shaded","section":"Shading Mode"},"sceneLighting":false,"audioPlay":false,"sceneViewState":{"showFog":true,"showMaterialUpdate":false,"showSkybox":false,"showFlares":true,"showImageEffects":true,"showParticleSystems":true},"in2DMode":false,"pivot":{"x":529.362060546875,"y":259.42169189453127,"z":-50.891815185546878},"rotation":{"x":-0.12596125900745393,"y":-0.014287600293755532,"z":0.00181438063737005,"w":-0.9919323921203613},"size":198.37527465820313,"orthographic":false}