{"cameraMode":{"drawMode":0,"name":"Shaded","section":"Shading Mode"},"sceneLighting":true,"audioPlay":false,"sceneViewState":{"showFog":true,"showMaterialUpdate":false,"showSkybox":true,"showFlares":true,"showImageEffects":true,"showParticleSystems":true},"in2DMode":false,"pivot":{"x":340.6742248535156,"y":41.47554016113281,"z":-665.4099731445313},"rotation":{"x":-0.048289913684129718,"y":0.006589445751160383,"z":-0.0003185195673722774,"w":-0.9988131523132324},"size":68.34211730957031,"orthographic":true}